NOM_MUNICI;DEPARTAMEN;Codigo_DAN
ABEJORRAL;ANTIOQUIA;5002
ABREGO;NORTE DE SANTANDER;54003
ABRIAQUI;ANTIOQUIA;5004
ACACIAS;META;50006
ACANDI;CHOCO;27006
ACEVEDO;HUILA;41006
ACHI;BOLIVAR;13006
AGRADO;HUILA;41013
AGUA DE DIOS;CUNDINAMARCA;25001
AGUACHICA;CESAR;20011
AGUADA;SANTANDER;68013
AGUADAS;CALDAS;17013
AGUAZUL;CASANARE;85010
AGUSTIN CODAZZI;CESAR;20013
AIPE;HUILA;41016
ALBAN;CUNDINAMARCA;25019
ALBAN (San Jose);NARINO;52019
ALBANIA_CAQ;CAQUETA;18029
ALBANIA_GUA;LA GUAJIRA;44035
ALBANIA_SAN;SANTANDER;68020
ALCALA;VALLE DEL CAUCA;76020
ALDANA;NARINO;52022
ALEJANDRIA;ANTIOQUIA;5021
ALGARROBO;MAGDALENA;47030
ALGECIRAS;HUILA;41020
ALMAGUER;CAUCA;19022
ALMEIDA;BOYACA;15022
ALPUJARRA;TOLIMA;73024
ALTAMIRA;HUILA;41026
ALTO BAUDO (Pie de Pato);CHOCO;27025
ALTOS DEL ROSARIO;BOLIVAR;13030
ALVARADO;TOLIMA;73026
AMAGA;ANTIOQUIA;5030
AMALFI;ANTIOQUIA;5031
AMBALEMA;TOLIMA;73030
ANAPOIMA;CUNDINAMARCA;25035
ANCUYA;NARINO;52036
ANDALUCIA;VALLE DEL CAUCA;76036
ANDES;ANTIOQUIA;5034
ANGELOPOLIS;ANTIOQUIA;5036
ANGOSTURA;ANTIOQUIA;5038
ANOLAIMA;CUNDINAMARCA;25040
ANORI;ANTIOQUIA;5040
ANSERMA;CALDAS;17042
ANSERMANUEVO;VALLE DEL CAUCA;76041
ANZA;ANTIOQUIA;5044
ANZOATEGUI;TOLIMA;73043
APARTADO;ANTIOQUIA;5045
APIA;RISARALDA;66045
APULO;CUNDINAMARCA;25599
AQUITANIA;BOYACA;15047
ARACATACA;MAGDALENA;47053
ARANZAZU;CALDAS;17050
ARATOCA;SANTANDER;68051
ARAUCA;ARAUCA;81001
ARAUQUITA;ARAUCA;81065
ARBELAEZ;CUNDINAMARCA;25053
ARBOLEDA (Berruecos);NARINO;52051
ARBOLEDAS;NORTE DE SANTANDER;54051
ARBOLETES;ANTIOQUIA;5051
ARCABUCO;BOYACA;15051
ARENAL;BOLIVAR;13042
ARGELIA_ANT;ANTIOQUIA;5055
ARGELIA_CAU;CAUCA;19050
ARGELIA_VAL;VALLE DEL CAUCA;76054
ARIGUANI (El Dificil);MAGDALENA;47058
ARJONA;BOLIVAR;13052
ARMENIA_ANT;ANTIOQUIA;5059
ARMENIA_QUI;QUINDIO;63001
ARMERO (Guayabal);TOLIMA;73055
ARROYOHONDO;BOLIVAR;13062
ASTREA;CESAR;20032
ATACO;TOLIMA;73067
ATRATO (Yuto);CHOCO;27050
AYAPEL;CORDOBA;23068
BAGADO;CHOCO;27073
BAHIA SOLANO (Mutis);CHOCO;27075
BAJO BAUDO  (Pizarro);CHOCO;27077
BALBOA_CAU;CAUCA;19075
BALBOA_RIS;RISARALDA;66075
BARANOA;ATLANTICO;8078
BARAYA;HUILA;41078
BARBACOAS;NARINO;52079
BARBOSA_ANT;ANTIOQUIA;5079
BARBOSA_SAN;SANTANDER;68077
BARICHARA;SANTANDER;68079
BARRANCA DE UPIA;META;50110
BARRANCABERMEJA;SANTANDER;68081
BARRANCAS;LA GUAJIRA;44078
BARRANCO DE LOBA;BOLIVAR;13074
BARRANCO MINA (Cor. Departamental);GUAINIA;94343
BARRANQUILLA (Distrito Especial, Industrial y Portuario);ATLANTICO;8001
BECERRIL;CESAR;20045
BELALCAZAR;CALDAS;17088
BELEN DE LOS ANDAQUIES;CAQUETA;18094
BELEN DE UMBRIA;RISARALDA;66088
BELEN_BOY;BOYACA;15087
BELEN_NAR;NARINO;52083
BELLO;ANTIOQUIA;5088
BELMIRA;ANTIOQUIA;5086
BELTRAN;CUNDINAMARCA;25086
BERBEO;BOYACA;15090
BETANIA;ANTIOQUIA;5091
BETEITIVA;BOYACA;15092
BETULIA_ANT;ANTIOQUIA;5093
BETULIA_SAN;SANTANDER;68092
BITUIMA;CUNDINAMARCA;25095
BOAVITA;BOYACA;15097
BOCHALEMA;NORTE DE SANTANDER;54099
BOGOTA, D.C.;SATA FE DE BOGOTA D.C.;11001
BOJACA;CUNDINAMARCA;25099
BOJAYA (Bellavista);CHOCO;27099
BOLIVAR_CAU;CAUCA;19100
BOLIVAR_SAN;SANTANDER;68101
BOLIVAR_VAL;VALLE DEL CAUCA;76100
BOSCONIA;CESAR;20060
BOYACA;BOYACA;15104
BRICENO_ANT;ANTIOQUIA;5107
BRICENO_BOY;BOYACA;15106
BUCARAMANGA;SANTANDER;68001
BUCARASICA;NORTE DE SANTANDER;54109
BUENAVENTURA;VALLE DEL CAUCA;76109
BUENAVISTA_BOY;BOYACA;15109
BUENAVISTA_COR;CORDOBA;23079
BUENAVISTA_QUI;QUINDIO;63111
BUENAVISTA_SUC;SUCRE;70110
BUENOS AIRES;CAUCA;19110
BUESACO;NARINO;52110
BUGA;VALLE DEL CAUCA;76111
BUGALAGRANDE;VALLE DEL CAUCA;76113
BURITICA;ANTIOQUIA;5113
BUSBANZA;BOYACA;15114
CABRERA_CUN;CUNDINAMARCA;25120
CABRERA_SAN;SANTANDER;68121
CABUYARO;META;50124
CACAHUAL (Cor. Departamental);GUAINIA;94886
CACERES;ANTIOQUIA;5120
CACHIPAY;CUNDINAMARCA;25123
CACHIRA;NORTE DE SANTANDER;54128
CACOTA;NORTE DE SANTANDER;54125
CAICEDO;ANTIOQUIA;5125
CAICEDONIA;VALLE DEL CAUCA;76122
CAIMITO;SUCRE;70124
CAJAMARCA;TOLIMA;73124
CAJIBIO;CAUCA;19130
CAJICA;CUNDINAMARCA;25126
CALAMAR_BOL;BOLIVAR;13140
CALAMAR_GUA;GUAVIARE;95015
CALARCA;QUINDIO;63130
CALDAS_ANT;ANTIOQUIA;5129
CALDAS_BOY;BOYACA;15131
CALDONO;CAUCA;19137
CALI;VALLE DEL CAUCA;76001
CALIFORNIA;SANTANDER;68132
CALIMA (El Darien);VALLE DEL CAUCA;76126
CALOTO;CAUCA;19142
CAMPAMENTO;ANTIOQUIA;5134
CAMPO DE LA CRUZ;ATLANTICO;8137
CAMPOALEGRE;HUILA;41132
CAMPOHERMOSO;BOYACA;15135
CANALETE;CORDOBA;23090
CANASGORDAS;ANTIOQUIA;5138
CANDELARIA_ATL;ATLANTICO;8141
CANDELARIA_VAL;VALLE DEL CAUCA;76130
CANTAGALLO;BOLIVAR;13160
CAPARRAPI;CUNDINAMARCA;25148
CAPITANEJO;SANTANDER;68147
CAQUEZA;CUNDINAMARCA;25151
CARACOLI;ANTIOQUIA;5142
CARAMANTA;ANTIOQUIA;5145
CARCASI;SANTANDER;68152
CAREPA;ANTIOQUIA;5147
CARMEN DE APICALA;TOLIMA;73148
CARMEN DE CARUPA;CUNDINAMARCA;25154
CARMEN DE VIBORAL;ANTIOQUIA;5148
CARMEN DEL DARIEN  (Curbarado);CHOCO;27150
CAROLINA;ANTIOQUIA;5150
CARTAGENA DE INDIAS (Distrito TurIstico y Cultural);BOLIVAR;13001
CARTAGENA DEL CHAIRA;CAQUETA;18150
CARTAGO;VALLE DEL CAUCA;76147
CARURU;VAUPES;97161
CASABIANCA;TOLIMA;73152
CASTILLA LA NUEVA;META;50150
CAUCASIA;ANTIOQUIA;5154
CEPITA;SANTANDER;68160
CERETE;CORDOBA;23162
CERINZA;BOYACA;15162
CERRITO;SANTANDER;68162
CERRO DE SAN ANTONIO;MAGDALENA;47161
CERTEGUI;CHOCO;27160
CHACHAGUI;NARINO;52240
CHAGUANI;CUNDINAMARCA;25168
CHALAN;SUCRE;70230
CHAMEZA;CASANARE;85015
CHAPARRAL;TOLIMA;73168
CHARALA;SANTANDER;68167
CHARTA;SANTANDER;68169
CHIA;CUNDINAMARCA;25175
CHIGORODO;ANTIOQUIA;5172
CHIMA_COR;CORDOBA;23168
CHIMA_SAN;SANTANDER;68176
CHIMICHAGUA;CESAR;20175
CHINACOTA;NORTE DE SANTANDER;54172
CHINAVITA;BOYACA;15172
CHINCHINA;CALDAS;17174
CHINU;CORDOBA;23182
CHIPAQUE;CUNDINAMARCA;25178
CHIPATA;SANTANDER;68179
CHIQUINQUIRA;BOYACA;15176
CHIQUIZA;BOYACA;15232
CHIRIGUANA;CESAR;20178
CHISCAS;BOYACA;15180
CHITA;BOYACA;15183
CHITAGA;NORTE DE SANTANDER;54174
CHITARAQUE;BOYACA;15185
CHIVATA;BOYACA;15187
CHIVOLO;MAGDALENA;47170
CHIVOR;BOYACA;15236
CHOACHI;CUNDINAMARCA;25181
CHOCONTA;CUNDINAMARCA;25183
CICUCO;BOLIVAR;13188
CIENAGA DE ORO;CORDOBA;23189
CIENAGA_MAG;MAGDALENA;47189
CIENEGA_BOY;BOYACA;15189
CIMITARRA;SANTANDER;68190
CIRCASIA;QUINDIO;63190
CISNEROS;ANTIOQUIA;5190
CIUDAD BOLIVAR;ANTIOQUIA;5101
CLEMENCIA;BOLIVAR;13222
COCORNA;ANTIOQUIA;5197
COELLO;TOLIMA;73200
COGUA;CUNDINAMARCA;25200
COLOMBIA;HUILA;41206
COLON;PUTUMAYO;86219
COLON (Genova);NARINO;52203
COLOSO;SUCRE;70204
COMBITA;BOYACA;15204
CONCEPCION_ANT;ANTIOQUIA;5206
CONCEPCION_SAN;SANTANDER;68207
CONCORDIA_ANT;ANTIOQUIA;5209
CONCORDIA_MAG;MAGDALENA;47205
CONDOTO;CHOCO;27205
CONFINES;SANTANDER;68209
CONSACA;NARINO;52207
CONTADERO;NARINO;52210
CONTRATACION;SANTANDER;68211
CONVENCION;NORTE DE SANTANDER;54206
COPACABANA;ANTIOQUIA;5212
COPER;BOYACA;15212
CORDOBA_BOL;BOLIVAR;13212
CORDOBA_NAR;NARINO;52215
CORDOBA_QUI;QUINDIO;63212
CORINTO;CAUCA;19212
COROMORO;SANTANDER;68217
COROZAL;SUCRE;70215
CORRALES;BOYACA;15215
COTA;CUNDINAMARCA;25214
COTORRA;CORDOBA;23300
COVARACHIA;BOYACA;15218
COVENAS;SUCRE;70221
COYAIMA;TOLIMA;73217
CRAVO NORTE;ARAUCA;81220
CUASPUD (Carlosama);NARINO;52224
CUBARA;BOYACA;15223
CUBARRAL;META;50223
CUCAITA;BOYACA;15224
CUCUNUBA;CUNDINAMARCA;25224
CUCUTA;NORTE DE SANTANDER;54001
CUCUTILLA;NORTE DE SANTANDER;54223
CUITIVA;BOYACA;15226
CUMARAL;META;50226
CUMARIBO;VICHADA;99773
CUMBAL;NARINO;52227
CUMBITARA;NARINO;52233
CUNDAY;TOLIMA;73226
CURILLO;CAQUETA;18205
CURITI;SANTANDER;68229
CURUMANI;CESAR;20228
DABEIBA;ANTIOQUIA;5234
DAGUA;VALLE DEL CAUCA;76233
DIBULLA;LA GUAJIRA;44090
DISTRACCION;LA GUAJIRA;44098
DOLORES;TOLIMA;73236
DON MATIAS;ANTIOQUIA;5237
DOSQUEBRADAS;RISARALDA;66170
DUITAMA;BOYACA;15238
DURANIA;NORTE DE SANTANDER;54239
EBEJICO;ANTIOQUIA;5240
EL AGUILA;VALLE DEL CAUCA;76243
EL BAGRE;ANTIOQUIA;5250
EL BANCO;MAGDALENA;47245
EL CAIRO;VALLE DEL CAUCA;76246
EL CALVARIO;META;50245
EL CANTON DEL SAN PABLO;CHOCO;27135
EL CARMEN DE BOLIVAR;BOLIVAR;13244
EL CARMEN_CHO;CHOCO;27245
EL CARMEN_NOR;NORTE DE SANTANDER;54245
EL CARMEN_SAN;SANTANDER;68235
EL CASTILLO;META;50251
EL CERRITO;VALLE DEL CAUCA;76248
EL CHARCO;NARINO;52250
EL COCUY;BOYACA;15244
EL COLEGIO;CUNDINAMARCA;25245
EL COPEY;CESAR;20238
EL DONCELLO;CAQUETA;18247
EL DORADO;META;50270
EL DOVIO;VALLE DEL CAUCA;76250
EL ENCANTO (Cor. Departamental);AMAZONAS;91263
EL ESPINO;BOYACA;15248
EL GUACAMAYO;SANTANDER;68245
EL GUAMO;BOLIVAR;13248
EL LITORAL DEL SAN JUAN;CHOCO;27250
EL MOLINO;LA GUAJIRA;44110
EL PASO;CESAR;20250
EL PAUJIL;CAQUETA;18256
EL PENOL;NARINO;52254
EL PENON_BOL;BOLIVAR;13268
EL PENON_CUN;CUNDINAMARCA;25258
EL PENON_SAN;SANTANDER;68250
EL PINON;MAGDALENA;47258
EL PLAYON;SANTANDER;68255
EL RETEN;MAGDALENA;47268
EL RETORNO;GUAVIARE;95025
EL ROBLE;SUCRE;70233
EL ROSAL;CUNDINAMARCA;25260
EL ROSARIO;NARINO;52256
EL TABLON;NARINO;52258
EL TAMBO_CAU;CAUCA;19256
EL TAMBO_NAR;NARINO;52260
EL TARRA;NORTE DE SANTANDER;54250
EL ZULIA;NORTE DE SANTANDER;54261
ELIAS;HUILA;41244
ENCINO;SANTANDER;68264
ENCISO;SANTANDER;68266
ENTRERRIOS;ANTIOQUIA;5264
ENVIGADO;ANTIOQUIA;5266
ESPINAL;TOLIMA;73268
FACATATIVA;CUNDINAMARCA;25269
FALAN;TOLIMA;73270
FILADELFIA;CALDAS;17272
FILANDIA;QUINDIO;63272
FIRAVITOBA;BOYACA;15272
FLANDES;TOLIMA;73275
FLORENCIA_CAQ;CAQUETA;18001
FLORENCIA_CAU;CAUCA;19290
FLORESTA;BOYACA;15276
FLORIAN;SANTANDER;68271
FLORIDA;VALLE DEL CAUCA;76275
FLORIDABLANCA;SANTANDER;68276
FOMEQUE;CUNDINAMARCA;25279
FONSECA;LA GUAJIRA;44279
FORTUL;ARAUCA;81300
FOSCA;CUNDINAMARCA;25281
FRANCISCO PIZARRO (Salahonda);NARINO;52520
FREDONIA;ANTIOQUIA;5282
FRESNO;TOLIMA;73283
FRONTINO;ANTIOQUIA;5284
FUENTE DE ORO;META;50287
FUNDACION;MAGDALENA;47288
FUNES;NARINO;52287
FUNZA;CUNDINAMARCA;25286
FUQUENE;CUNDINAMARCA;25288
FUSAGASUGA;CUNDINAMARCA;25290
GACHALA;CUNDINAMARCA;25293
GACHANCIPA;CUNDINAMARCA;25295
GACHANTIVA;BOYACA;15293
GACHETA;CUNDINAMARCA;25297
GALAN;SANTANDER;68296
GALAPA;ATLANTICO;8296
GALERAS;SUCRE;70235
GAMA;CUNDINAMARCA;25299
GAMARRA;CESAR;20295
GAMBITA;SANTANDER;68298
GAMEZA;BOYACA;15296
GARAGOA;BOYACA;15299
GARZON;HUILA;41298
GENOVA;QUINDIO;63302
GIGANTE;HUILA;41306
GINEBRA;VALLE DEL CAUCA;76306
GIRALDO;ANTIOQUIA;5306
GIRARDOT;CUNDINAMARCA;25307
GIRARDOTA;ANTIOQUIA;5308
GIRON;SANTANDER;68307
GOMEZ PLATA;ANTIOQUIA;5310
GONZALEZ;CESAR;20310
GRAMALOTE;NORTE DE SANTANDER;54313
GRANADA_ANT;ANTIOQUIA;5313
GRANADA_CUN;CUNDINAMARCA;25312
GRANADA_MET;META;50313
GUACA;SANTANDER;68318
GUACAMAYAS;BOYACA;15317
GUACARI;VALLE DEL CAUCA;76318
GUACHENE;CAUCA;19300
GUACHETA;CUNDINAMARCA;25317
GUACHUCAL;NARINO;52317
GUADALUPE_ANT;ANTIOQUIA;5315
GUADALUPE_HUI;HUILA;41319
GUADALUPE_SAN;SANTANDER;68320
GUADUAS;CUNDINAMARCA;25320
GUAITARILLA;NARINO;52320
GUALMATAN;NARINO;52323
GUAMAL_MAG;MAGDALENA;47318
GUAMAL_MET;META;50318
GUAMO;TOLIMA;73319
GUAPI;CAUCA;19318
GUAPOTA;SANTANDER;68322
GUARANDA;SUCRE;70265
GUARNE;ANTIOQUIA;5318
GUASCA;CUNDINAMARCA;25322
GUATAPE;ANTIOQUIA;5321
GUATAQUI;CUNDINAMARCA;25324
GUATAVITA;CUNDINAMARCA;25326
GUATEQUE;BOYACA;15322
GUATICA;RISARALDA;66318
GUAVATA;SANTANDER;68324
GUAYABAL DE SIQUIMA;CUNDINAMARCA;25328
GUAYABETAL;CUNDINAMARCA;25335
GUAYATA;BOYACA;15325
GUEPSA;SANTANDER;68327
GUICAN;BOYACA;15332
GUTIERREZ;CUNDINAMARCA;25339
HACARI;NORTE DE SANTANDER;54344
HATILLO DE LOBA;BOLIVAR;13300
HATO;SANTANDER;68344
HATO COROZAL;CASANARE;85125
HATO NUEVO;LA GUAJIRA;44378
HELICONIA;ANTIOQUIA;5347
HERRAN;NORTE DE SANTANDER;54347
HERVEO;TOLIMA;73347
HISPANIA;ANTIOQUIA;5353
HOBO;HUILA;41349
HONDA;TOLIMA;73349
IBAGUE;TOLIMA;73001
ICONONZO;TOLIMA;73352
ILES;NARINO;52352
IMUES;NARINO;52354
INIRIDA;GUAINIA;94001
INZA;CAUCA;19355
IPIALES;NARINO;52356
IQUIRA;HUILA;41357
ISNOS;HUILA;41359
ISTMINA;CHOCO;27361
ITAGUI;ANTIOQUIA;5360
ITUANGO;ANTIOQUIA;5361
IZA;BOYACA;15362
JAMBALO;CAUCA;19364
JAMUNDI;VALLE DEL CAUCA;76364
JARDIN;ANTIOQUIA;5364
JENESANO;BOYACA;15367
JERICO_ANT;ANTIOQUIA;5368
JERICO_BOY;BOYACA;15368
JERUSALEN;CUNDINAMARCA;25368
JESUS MARIA;SANTANDER;68368
JORDAN;SANTANDER;68370
JUAN DE ACOSTA;ATLANTICO;8372
JUNIN;CUNDINAMARCA;25372
JURADO;CHOCO;27372
LA APARTADA;CORDOBA;23350
LA ARGENTINA;HUILA;41378
LA BELLEZA;SANTANDER;68377
LA CALERA;CUNDINAMARCA;25377
LA CAPILLA;BOYACA;15380
LA CEJA;ANTIOQUIA;5376
LA CELIA;RISARALDA;66383
LA CHORRERA (Cor. Departamental);AMAZONAS;91405
LA CRUZ;NARINO;52378
LA CUMBRE;VALLE DEL CAUCA;76377
LA DORADA;CALDAS;17380
LA ESPERANZA;NORTE DE SANTANDER;54385
LA ESTRELLA;ANTIOQUIA;5380
LA FLORIDA;NARINO;52381
LA GLORIA;CESAR;20383
LA GUADALUPE (Cor. Departamental);GUAINIA;94885
LA JAGUA DE IBIRICO;CESAR;20400
LA JAGUA DEL PILAR;LA GUAJIRA;44420
LA LLANADA;NARINO;52385
LA MACARENA;META;50350
LA MERCED;CALDAS;17388
LA MESA;CUNDINAMARCA;25386
LA PALMA;CUNDINAMARCA;25394
LA PAZ_CES;CESAR;20621
LA PAZ_SAN;SANTANDER;68397
LA PEDRERA (Cor. Departamental);AMAZONAS;91407
LA PENA;CUNDINAMARCA;25398
LA PINTADA;ANTIOQUIA;5390
LA PLATA;HUILA;41396
LA PLAYA;NORTE DE SANTANDER;54398
LA PRIMAVERA;VICHADA;99524
LA SALINA;CASANARE;85136
LA SIERRA;CAUCA;19392
LA TEBAIDA;QUINDIO;63401
LA TOLA;NARINO;52390
LA UNION_ANT;ANTIOQUIA;5400
LA UNION_NAR;NARINO;52399
LA UNION_SUC;SUCRE;70400
LA UNION_VAL;VALLE DEL CAUCA;76400
LA UVITA;BOYACA;15403
LA VEGA_CAU;CAUCA;19397
LA VEGA_CUN;CUNDINAMARCA;25402
LA VICTORIA (Pacoa) (Cor. Departamental);AMAZONAS;91430
LA VICTORIA_BOY;BOYACA;15401
LA VICTORIA_VAL;VALLE DEL CAUCA;76403
LA VIRGINIA;RISARALDA;66400
LABATECA;NORTE DE SANTANDER;54377
LABRANZAGRANDE;BOYACA;15377
LANDAZURI;SANTANDER;68385
LEBRIJA;SANTANDER;68406
LEIVA;NARINO;52405
LEJANIAS;META;50400
LENGUAZAQUE;CUNDINAMARCA;25407
LERIDA;TOLIMA;73408
LETICIA;AMAZONAS;91001
LIBANO;TOLIMA;73411
LIBORINA;ANTIOQUIA;5411
LINARES;NARINO;52411
LLORO;CHOCO;27413
LOPEZ;CAUCA;19418
LORICA;CORDOBA;23417
LOS ANDES (Sotomayor);NARINO;52418
LOS CORDOBAS;CORDOBA;23419
LOS PALMITOS;SUCRE;70418
LOS PATIOS;NORTE DE SANTANDER;54405
LOS SANTOS;SANTANDER;68418
LOURDES;NORTE DE SANTANDER;54418
LURUACO;ATLANTICO;8421
MACANAL;BOYACA;15425
MACARAVITA;SANTANDER;68425
MACEO;ANTIOQUIA;5425
MACHETA;CUNDINAMARCA;25426
MADRID;CUNDINAMARCA;25430
MAGANGUE;BOLIVAR;13430
MAGUI (Payan);NARINO;52427
MAHATES;BOLIVAR;13433
MAICAO;LA GUAJIRA;44430
MAJAGUAL;SUCRE;70429
MALAGA;SANTANDER;68432
MALAMBO;ATLANTICO;8433
MALLAMA (Piedrancha);NARINO;52435
MANATI;ATLANTICO;8436
MANAURE;LA GUAJIRA;44560
MANAURE BALCON DEL CESAR;CESAR;20443
MANI;CASANARE;85139
MANIZALES;CALDAS;17001
MANTA;CUNDINAMARCA;25436
MANZANARES;CALDAS;17433
MAPIRIPAN;META;50325
MAPIRIPANA (Cor. Departamental);GUAINIA;94663
MARGARITA;BOLIVAR;13440
MARIA LA BAJA;BOLIVAR;13442
MARINILLA;ANTIOQUIA;5440
MARIPI;BOYACA;15442
MARIQUITA;TOLIMA;73443
MARMATO;CALDAS;17442
MARQUETALIA;CALDAS;17444
MARSELLA;RISARALDA;66440
MARULANDA;CALDAS;17446
MATANZA;SANTANDER;68444
MEDELLIN;ANTIOQUIA;5001
MEDINA;CUNDINAMARCA;25438
MEDIO ATRATO (Bete);CHOCO;27425
MEDIO BAUDO (Boca de Pepe);CHOCO;27430
MEDIO SAN JUAN (Andagoya);CHOCO;27450
MELGAR;TOLIMA;73449
MERCADERES;CAUCA;19450
MESETAS;META;50330
MILAN;CAQUETA;18460
MIRAFLORES_BOY;BOYACA;15455
MIRAFLORES_GUA;GUAVIARE;95200
MIRANDA;CAUCA;19455
MIRITI-PARANA (Campoamor) (Cor. Departamental);AMAZONAS;91460
MISTRATO;RISARALDA;66456
MITU;VAUPES;97001
MOCOA;PUTUMAYO;86001
MOGOTES;SANTANDER;68464
MOLAGAVITA;SANTANDER;68468
MOMIL;CORDOBA;23464
MOMPOS;BOLIVAR;13468
MONGUA;BOYACA;15464
MONGUI;BOYACA;15466
MONIQUIRA;BOYACA;15469
MONITOS;CORDOBA;23500
MONTANITA;CAQUETA;18410
MONTEBELLO;ANTIOQUIA;5467
MONTECRISTO;BOLIVAR;13458
MONTELIBANO;CORDOBA;23466
MONTENEGRO;QUINDIO;63470
MONTERIA;CORDOBA;23001
MONTERREY;CASANARE;85162
MORALES_BOL;BOLIVAR;13473
MORALES_CAU;CAUCA;19473
MORELIA;CAQUETA;18479
MORICHAL (Morichal Nuevo) (Cor. Departamental);GUAINIA;94888
MORROA;SUCRE;70473
MOSQUERA_CUN;CUNDINAMARCA;25473
MOSQUERA_NAR;NARINO;52473
MOTAVITA;BOYACA;15476
MURILLO;TOLIMA;73461
MURINDO;ANTIOQUIA;5475
MUTATA;ANTIOQUIA;5480
MUTISCUA;NORTE DE SANTANDER;54480
MUZO;BOYACA;15480
NARINO_ANT;ANTIOQUIA;5483
NARINO_CUN;CUNDINAMARCA;25483
NARINO_NAR;NARINO;52480
NATAGA;HUILA;41483
NATAGAIMA;TOLIMA;73483
NECHI;ANTIOQUIA;5495
NECOCLI;ANTIOQUIA;5490
NEIRA;CALDAS;17486
NEIVA;HUILA;41001
NEMOCON;CUNDINAMARCA;25486
NILO;CUNDINAMARCA;25488
NIMAIMA;CUNDINAMARCA;25489
NOBSA;BOYACA;15491
NOCAIMA;CUNDINAMARCA;25491
NORCASIA;CALDAS;17495
NOROSI;BOLIVAR;13490
NOVITA;CHOCO;27491
NUEVA GRANADA (Granada);MAGDALENA;47460
NUEVO COLON;BOYACA;15494
NUNCHIA;CASANARE;85225
NUQUI;CHOCO;27495
OBANDO;VALLE DEL CAUCA;76497
OCAMONTE;SANTANDER;68498
OCANA;NORTE DE SANTANDER;54498
OIBA;SANTANDER;68500
OICATA;BOYACA;15500
OLAYA;ANTIOQUIA;5501
OLAYA HERRERA (Bocas de Satinga);NARINO;52490
ONZAGA;SANTANDER;68502
OPORAPA;HUILA;41503
ORITO;PUTUMAYO;86320
OROCUE;CASANARE;85230
ORTEGA;TOLIMA;73504
OSPINA;NARINO;52506
OTANCHE;BOYACA;15507
OVEJAS;SUCRE;70508
PACHAVITA;BOYACA;15511
PACHO;CUNDINAMARCA;25513
PACOA (Cor. Departamental);VAUPES;97511
PACORA;CALDAS;17513
PADILLA;CAUCA;19513
PAEZ;BOYACA;15514
PAEZ (Belalcazar);CAUCA;19517
PAICOL;HUILA;41518
PAILITAS;CESAR;20517
PAIME;CUNDINAMARCA;25518
PAIPA;BOYACA;15516
PAJARITO;BOYACA;15518
PALERMO;HUILA;41524
PALESTINA_CAL;CALDAS;17524
PALESTINA_HUI;HUILA;41530
PALMAR;SANTANDER;68522
PALMAR DE VARELA;ATLANTICO;8520
PALMAS DEL SOCORRO;SANTANDER;68524
PALMIRA;VALLE DEL CAUCA;76520
PALMITO;SUCRE;70523
PALOCABILDO;TOLIMA;73520
PAMPLONA;NORTE DE SANTANDER;54518
PAMPLONITA;NORTE DE SANTANDER;54520
PANA PANA (Campo Alegre) (Cor. Departamental);GUAINIA;94887
PANDI;CUNDINAMARCA;25524
PANQUEBA;BOYACA;15522
PAPUNAUA (Cor. Departamental);VAUPES;97777
PARAMO;SANTANDER;68533
PARATEBUENO;CUNDINAMARCA;25530
PASCA;CUNDINAMARCA;25535
PASTO;NARINO;52001
PATIA  (El Bordo);CAUCA;19532
PAUNA;BOYACA;15531
PAYA;BOYACA;15533
PAZ DE ARIPORO;CASANARE;85250
PAZ DE RIO;BOYACA;15537
PEDRAZA;MAGDALENA;47541
PELAYA;CESAR;20550
PENOL;ANTIOQUIA;5541
PENSILVANIA;CALDAS;17541
PEQUE;ANTIOQUIA;5543
PEREIRA;RISARALDA;66001
PESCA;BOYACA;15542
PIAMONTE;CAUCA;19533
PIEDECUESTA;SANTANDER;68547
PIEDRAS;TOLIMA;73547
PIENDAMO;CAUCA;19548
PIJAO;QUINDIO;63548
PIJINO  DEL CARMEN;MAGDALENA;47545
PINCHOTE;SANTANDER;68549
PINILLOS;BOLIVAR;13549
PIOJO;ATLANTICO;8549
PISVA;BOYACA;15550
PITAL;HUILA;41548
PITALITO;HUILA;41551
PIVIJAY;MAGDALENA;47551
PLANADAS;TOLIMA;73555
PLANETA RICA;CORDOBA;23555
PLATO;MAGDALENA;47555
POLICARPA;NARINO;52540
POLONUEVO;ATLANTICO;8558
PONEDERA;ATLANTICO;8560
POPAYAN;CAUCA;19001
PORE;CASANARE;85263
POTOSI;NARINO;52560
PRADERA;VALLE DEL CAUCA;76563
PRADO;TOLIMA;73563
PROVIDENCIA;NARINO;52565
PROVIDENCIA Y SANTA CATALINA (Santa Isabel);ARCHIPIELAGO DE SAN ANDRES, PROVIDENCIA Y SANTA CATALINA;88564
PUEBLO BELLO;CESAR;20570
PUEBLO NUEVO;CORDOBA;23570
PUEBLO RICO;RISARALDA;66572
PUEBLO VIEJO;MAGDALENA;47570
PUEBLORRICO;ANTIOQUIA;5576
PUENTE NACIONAL;SANTANDER;68572
PUERRES;NARINO;52573
PUERTO ALEGRIA (Cor. Departamental);AMAZONAS;91530
PUERTO ARICA (Cor. Departamental);AMAZONAS;91536
PUERTO ASIS;PUTUMAYO;86568
PUERTO BERRIO;ANTIOQUIA;5579
PUERTO BOYACA;BOYACA;15572
PUERTO CAICEDO;PUTUMAYO;86569
PUERTO CARRENO;VICHADA;99001
PUERTO COLOMBIA;ATLANTICO;8573
PUERTO COLOMBIA (Cor. Departamental);GUAINIA;94884
PUERTO CONCORDIA;META;50450
PUERTO ESCONDIDO;CORDOBA;23574
PUERTO GAITAN;META;50568
PUERTO GUZMAN;PUTUMAYO;86571
PUERTO LEGUIZAMO;PUTUMAYO;86573
PUERTO LIBERTADOR;CORDOBA;23580
PUERTO LLERAS;META;50577
PUERTO LOPEZ;META;50573
PUERTO NARE;ANTIOQUIA;5585
PUERTO NARINO;AMAZONAS;91540
PUERTO PARRA;SANTANDER;68573
PUERTO RICO_CAQ;CAQUETA;18592
PUERTO RICO_MET;META;50590
PUERTO RONDON;ARAUCA;81591
PUERTO SALGAR;CUNDINAMARCA;25572
PUERTO SANTANDER;NORTE DE SANTANDER;54553
PUERTO TEJADA;CAUCA;19573
PUERTO TRIUNFO;ANTIOQUIA;5591
PUERTO WILCHES;SANTANDER;68575
PULI;CUNDINAMARCA;25580
PUPIALES;NARINO;52585
PURACE (Coconuco);CAUCA;19585
PURIFICACION;TOLIMA;73585
PURISIMA;CORDOBA;23586
QUEBRADANEGRA;CUNDINAMARCA;25592
QUETAME;CUNDINAMARCA;25594
QUIBDO;CHOCO;27001
QUIMBAYA;QUINDIO;63594
QUINCHIA;RISARALDA;66594
QUIPAMA;BOYACA;15580
QUIPILE;CUNDINAMARCA;25596
RAGONVALIA;NORTE DE SANTANDER;54599
RAMIRIQUI;BOYACA;15599
RAQUIRA;BOYACA;15600
RECETOR;CASANARE;85279
REGIDOR;BOLIVAR;13580
REMEDIOS;ANTIOQUIA;5604
REMOLINO;MAGDALENA;47605
REPELON;ATLANTICO;8606
RESTREPO_MET;META;50606
RESTREPO_VAL;VALLE DEL CAUCA;76606
RETIRO;ANTIOQUIA;5607
RICAURTE_CUN;CUNDINAMARCA;25612
RICAURTE_NAR;NARINO;52612
RIO DE ORO;CESAR;20614
RIO IRO (Santa Rita);CHOCO;27580
RIO QUITO (Paimado);CHOCO;27600
RIOBLANCO;TOLIMA;73616
RIOFRIO;VALLE DEL CAUCA;76616
RIOHACHA;LA GUAJIRA;44001
RIONEGRO_ANT;ANTIOQUIA;5615
RIONEGRO_SAN;SANTANDER;68615
RIOSUCIO_CAL;CALDAS;17614
RIOSUCIO_CHO;CHOCO;27615
RIOVIEJO;BOLIVAR;13600
RISARALDA;CALDAS;17616
RIVERA;HUILA;41615
ROBERTO PAYAN (San Jose);NARINO;52621
ROLDANILLO;VALLE DEL CAUCA;76622
RONCESVALLES;TOLIMA;73622
RONDON;BOYACA;15621
ROSAS;CAUCA;19622
ROVIRA;TOLIMA;73624
SABANA DE TORRES;SANTANDER;68655
SABANAGRANDE;ATLANTICO;8634
SABANALARGA_ANT;ANTIOQUIA;5628
SABANALARGA_ATL;ATLANTICO;8638
SABANALARGA_CAS;CASANARE;85300
SABANAS DE SAN ANGEL (San Angel);MAGDALENA;47660
SABANETA;ANTIOQUIA;5631
SABOYA;BOYACA;15632
SACAMA;CASANARE;85315
SACHICA;BOYACA;15638
SAHAGUN;CORDOBA;23660
SALADOBLANCO;HUILA;41660
SALAMINA_CAL;CALDAS;17653
SALAMINA_MAG;MAGDALENA;47675
SALAZAR;NORTE DE SANTANDER;54660
SALDANA;TOLIMA;73671
SALENTO;QUINDIO;63690
SALGAR;ANTIOQUIA;5642
SAMACA;BOYACA;15646
SAMANA;CALDAS;17662
SAMANIEGO;NARINO;52678
SAMPUES;SUCRE;70670
SAN AGUSTIN;HUILA;41668
SAN ALBERTO;CESAR;20710
SAN ANDRES DE SOTAVENTO;CORDOBA;23670
SAN ANDRES_ANT;ANTIOQUIA;5647
SAN ANDRES_ARC;ARCHIPIELAGO DE SAN ANDRES, PROVIDENCIA Y SANTA CATALINA;88001
SAN ANDRES_SAN;SANTANDER;68669
SAN ANTERO;CORDOBA;23672
SAN ANTONIO;TOLIMA;73675
SAN ANTONIO DEL TEQUENDAMA;CUNDINAMARCA;25645
SAN BENITO;SANTANDER;68673
SAN BENITO ABAD;SUCRE;70678
SAN BERNARDO DEL VIENTO;CORDOBA;23675
SAN BERNARDO_CUN;CUNDINAMARCA;25649
SAN BERNARDO_NAR;NARINO;52685
SAN CALIXTO;NORTE DE SANTANDER;54670
SAN CARLOS DE GUAROA;META;50680
SAN CARLOS_ANT;ANTIOQUIA;5649
SAN CARLOS_COR;CORDOBA;23678
SAN CAYETANO_CUN;CUNDINAMARCA;25653
SAN CAYETANO_NOR;NORTE DE SANTANDER;54673
SAN CRISTOBAL;BOLIVAR;13620
SAN DIEGO;CESAR;20750
SAN EDUARDO;BOYACA;15660
SAN ESTANISLAO;BOLIVAR;13647
SAN FELIPE (Cor. Departamental);GUAINIA;94883
SAN FERNANDO;BOLIVAR;13650
SAN FRANCISCO_ANT;ANTIOQUIA;5652
SAN FRANCISCO_CUN;CUNDINAMARCA;25658
SAN FRANCISCO_PUT;PUTUMAYO;86755
SAN GIL;SANTANDER;68679
SAN JACINTO;BOLIVAR;13654
SAN JACINTO DEL CAUCA;BOLIVAR;13655
SAN JERONIMO;ANTIOQUIA;5656
SAN JOAQUIN;SANTANDER;68682
SAN JOSE;CALDAS;17665
SAN JOSE DE LA MONTANA;ANTIOQUIA;5658
SAN JOSE DE MIRANDA;SANTANDER;68684
SAN JOSE DE PARE;BOYACA;15664
SAN JOSE DE URE;CORDOBA;23682
SAN JOSE DEL FRAGUA;CAQUETA;18610
SAN JOSE DEL GUAVIARE;GUAVIARE;95001
SAN JOSE DEL PALMAR;CHOCO;27660
SAN JUAN DE ARAMA;META;50683
SAN JUAN DE BETULIA;SUCRE;70702
SAN JUAN DE RIOSECO;CUNDINAMARCA;25662
SAN JUAN DE URABA;ANTIOQUIA;5659
SAN JUAN DEL CESAR;LA GUAJIRA;44650
SAN JUAN NEPOMUCENO;BOLIVAR;13657
SAN JUANITO;META;50686
SAN LORENZO;NARINO;52687
SAN LUIS DE GACENO;BOYACA;15667
SAN LUIS DE PALENQUE;CASANARE;85325
SAN LUIS_ANT;ANTIOQUIA;5660
SAN LUIS_TOL;TOLIMA;73678
SAN MARCOS;SUCRE;70708
SAN MARTIN DE LOBA;BOLIVAR;13667
SAN MARTIN_CES;CESAR;20770
SAN MARTIN_MET;META;50689
SAN MATEO;BOYACA;15673
SAN MIGUEL;SANTANDER;68686
SAN MIGUEL (La Dorada);PUTUMAYO;86757
SAN MIGUEL DE SEMA;BOYACA;15676
SAN ONOFRE;SUCRE;70713
SAN PABLO DE BORBUR;BOYACA;15681
SAN PABLO_BOL;BOLIVAR;13670
SAN PABLO_NAR;NARINO;52693
SAN PEDRO DE CARTAGO (Cartago);NARINO;52694
SAN PEDRO DE URABA;ANTIOQUIA;5665
SAN PEDRO_ANT;ANTIOQUIA;5664
SAN PEDRO_SUC;SUCRE;70717
SAN PEDRO_VAL;VALLE DEL CAUCA;76670
SAN PELAYO;CORDOBA;23686
SAN RAFAEL;ANTIOQUIA;5667
SAN ROQUE;ANTIOQUIA;5670
SAN SEBASTIAN;CAUCA;19693
SAN SEBASTIAN DE BUENAVISTA;MAGDALENA;47692
SAN VICENTE;ANTIOQUIA;5674
SAN VICENTE DE CHUCURI;SANTANDER;68689
SAN VICENTE DEL CAGUAN;CAQUETA;18753
SAN ZENON;MAGDALENA;47703
SANDONA;NARINO;52683
SANTA ANA;MAGDALENA;47707
SANTA BARBARA (Iscuande);NARINO;52696
SANTA BARBARA DE PINTO;MAGDALENA;47720
SANTA BARBARA_ANT;ANTIOQUIA;5679
SANTA BARBARA_SAN;SANTANDER;68705
SANTA CATALINA_BOL;BOLIVAR;13673
SANTA CRUZ (Guachaves);NARINO;52699
SANTA FE DE ANTIOQUIA;ANTIOQUIA;5042
SANTA HELENA DEL OPON;SANTANDER;68720
SANTA ISABEL;TOLIMA;73686
SANTA LUCIA;ATLANTICO;8675
SANTA MARIA_BOY;BOYACA;15690
SANTA MARIA_HUI;HUILA;41676
SANTA MARTA (Distrito Turistico Cultural e Historico);MAGDALENA;47001
SANTA ROSA DE CABAL;BOLIVAR;13683
SANTA ROSA DE OSOS;CAUCA;19701
SANTA ROSA DE VITERBO;RISARALDA;66682
SANTA ROSA DEL SUR;ANTIOQUIA;5686
SANTA ROSA_BOL;BOYACA;15693
SANTA ROSA_CAU;BOLIVAR;13688
SANTA ROSALIA;VICHADA;99624
SANTA SOFIA;BOYACA;15696
SANTANA;BOYACA;15686
SANTANDER (Araracuara) (Cor. Departamental);AMAZONAS;91669
SANTANDER DE QUILICHAO;CAUCA;19698
SANTIAGO_NOR;NORTE DE SANTANDER;54680
SANTIAGO_PUT;PUTUMAYO;86760
SANTO DOMINGO;ANTIOQUIA;5690
SANTO TOMAS;ATLANTICO;8685
SANTUARIO_ANT;ANTIOQUIA;5697
SANTUARIO_RIS;RISARALDA;66687
SAPUYES;NARINO;52720
SARAVENA;ARAUCA;81736
SARDINATA;NORTE DE SANTANDER;54720
SASAIMA;CUNDINAMARCA;25718
SATIVANORTE;BOYACA;15720
SATIVASUR;BOYACA;15723
SEGOVIA;ANTIOQUIA;5736
SESQUILE;CUNDINAMARCA;25736
SEVILLA;VALLE DEL CAUCA;76736
SIACHOQUE;BOYACA;15740
SIBATE;CUNDINAMARCA;25740
SIBUNDOY;PUTUMAYO;86749
SILOS;NORTE DE SANTANDER;54743
SILVANIA;CUNDINAMARCA;25743
SILVIA;CAUCA;19743
SIMACOTA;SANTANDER;68745
SIMIJACA;CUNDINAMARCA;25745
SIMITI;BOLIVAR;13744
SINCE;SUCRE;70742
SINCELEJO;SUCRE;70001
SIPI;CHOCO;27745
SITIONUEVO;MAGDALENA;47745
SOACHA;CUNDINAMARCA;25754
SOATA;BOYACA;15753
SOCHA;BOYACA;15757
SOCORRO;SANTANDER;68755
SOCOTA;BOYACA;15755
SOGAMOSO;BOYACA;15759
SOLANO;CAQUETA;18756
SOLEDAD;ATLANTICO;8758
SOLITA;CAQUETA;18785
SOMONDOCO;BOYACA;15761
SONSON;ANTIOQUIA;5756
SOPETRAN;ANTIOQUIA;5761
SOPLAVIENTO;BOLIVAR;13760
SOPO;CUNDINAMARCA;25758
SORA;BOYACA;15762
SORACA;BOYACA;15764
SOTAQUIRA;BOYACA;15763
SOTARA (Paispamba);CAUCA;19760
SUAITA;SANTANDER;68770
SUAN;ATLANTICO;8770
SUAREZ_CAU;CAUCA;19780
SUAREZ_TOL;TOLIMA;73770
SUAZA;HUILA;41770
SUBACHOQUE;CUNDINAMARCA;25769
SUCRE_CAU;CAUCA;19785
SUCRE_SAN;SANTANDER;68773
SUCRE_SUC;SUCRE;70771
SUESCA;CUNDINAMARCA;25772
SUPATA;CUNDINAMARCA;25777
SUPIA;CALDAS;17777
SURATA;SANTANDER;68780
SUSA;CUNDINAMARCA;25779
SUSACON;BOYACA;15774
SUTAMARCHAN;BOYACA;15776
SUTATAUSA;CUNDINAMARCA;25781
SUTATENZA;BOYACA;15778
TABIO;CUNDINAMARCA;25785
TADO;CHOCO;27787
TALAIGUA NUEVO;BOLIVAR;13780
TAMALAMEQUE;CESAR;20787
TAMARA;CASANARE;85400
TAME;ARAUCA;81794
TAMESIS;ANTIOQUIA;5789
TAMINANGO;NARINO;52786
TANGUA;NARINO;52788
TARAIRA;VAUPES;97666
TARAPACA (Cor. Departamental);AMAZONAS;91798
TARAZA;ANTIOQUIA;5790
TARQUI;HUILA;41791
TARSO;ANTIOQUIA;5792
TASCO;BOYACA;15790
TAURAMENA;CASANARE;85410
TAUSA;CUNDINAMARCA;25793
TELLO;HUILA;41799
TENA;CUNDINAMARCA;25797
TENERIFE;MAGDALENA;47798
TENJO;CUNDINAMARCA;25799
TENZA;BOYACA;15798
TEORAMA;NORTE DE SANTANDER;54800
TERUEL;HUILA;41801
TESALIA;HUILA;41797
TIBACUY;CUNDINAMARCA;25805
TIBANA;BOYACA;15804
TIBASOSA;BOYACA;15806
TIBIRITA;CUNDINAMARCA;25807
TIBU;NORTE DE SANTANDER;54810
TIERRALTA;CORDOBA;23807
TIMANA;HUILA;41807
TIMBIO;CAUCA;19807
TIMBIQUI;CAUCA;19809
TINJACA;BOYACA;15808
TIPACOQUE;BOYACA;15810
TIQUISIO (Puerto Rico);BOLIVAR;13810
TITIRIBI;ANTIOQUIA;5809
TOCA;BOYACA;15814
TOCAIMA;CUNDINAMARCA;25815
TOCANCIPA;CUNDINAMARCA;25817
TOGUI;BOYACA;15816
TOLEDO_ANT;NORTE DE SANTANDER;54820
TOLEDO_NOR;ANTIOQUIA;5819
TOLU;SUCRE;70820
TOLUVIEJO;SUCRE;70823
TONA;SANTANDER;68820
TOPAGA;BOYACA;15820
TOPAIPI;CUNDINAMARCA;25823
TORIBIO;CAUCA;19821
TORO;VALLE DEL CAUCA;76823
TOTA;BOYACA;15822
TOTORO;CAUCA;19824
TRINIDAD;CASANARE;85430
TRUJILLO;VALLE DEL CAUCA;76828
TUBARA;ATLANTICO;8832
TUCHIN;CORDOBA;23815
TULUA;VALLE DEL CAUCA;76834
TUMACO;NARINO;52835
TUNJA;BOYACA;15001
TUNUNGUA;BOYACA;15832
TUQUERRES;NARINO;52838
TURBACO;BOLIVAR;13836
TURBANA;BOLIVAR;13838
TURBO;ANTIOQUIA;5837
TURMEQUE;BOYACA;15835
TUTA;BOYACA;15837
TUTAZA;BOYACA;15839
UBALA;CUNDINAMARCA;25839
UBAQUE;CUNDINAMARCA;25841
UBATE;CUNDINAMARCA;25843
ULLOA;VALLE DEL CAUCA;76845
UMBITA;BOYACA;15842
UNE;CUNDINAMARCA;25845
UNGUIA;CHOCO;27800
UNION PANAMERICANA (Animas);CHOCO;27810
URAMITA;ANTIOQUIA;5842
URIBE;META;50370
URIBIA;LA GUAJIRA;44847
URRAO;ANTIOQUIA;5847
URUMITA;LA GUAJIRA;44855
USIACURI;ATLANTICO;8849
UTICA;CUNDINAMARCA;25851
VALDIVIA;ANTIOQUIA;5854
VALENCIA;CORDOBA;23855
VALLE DE SAN JOSE;SANTANDER;68855
VALLE DE SAN JUAN;TOLIMA;73854
VALLE DEL GUAMUEZ (La Hormiga);PUTUMAYO;86865
VALLEDUPAR;CESAR;20001
VALPARAISO_ANT;ANTIOQUIA;5856
VALPARAISO_CAQ;CAQUETA;18860
VEGACHI;ANTIOQUIA;5858
VELEZ;SANTANDER;68861
VENADILLO;TOLIMA;73861
VENECIA_ANT;ANTIOQUIA;5861
VENECIA_CUN;CUNDINAMARCA;25506
VENTAQUEMADA;BOYACA;15861
VERGARA;CUNDINAMARCA;25862
VERSALLES;VALLE DEL CAUCA;76863
VETAS;SANTANDER;68867
VIANI;CUNDINAMARCA;25867
VICTORIA;CALDAS;17867
VIGIA DEL FUERTE;ANTIOQUIA;5873
VIJES;VALLE DEL CAUCA;76869
VILLA CARO;NORTE DE SANTANDER;54871
VILLA DE LEIVA;BOYACA;15407
VILLA DEL ROSARIO;NORTE DE SANTANDER;54874
VILLA RICA;CAUCA;19845
VILLAGARZON;PUTUMAYO;86885
VILLAGOMEZ;CUNDINAMARCA;25871
VILLAHERMOSA;TOLIMA;73870
VILLAMARIA;CALDAS;17873
VILLANUEVA;BOLIVAR;13873
VILLANUEVA_CAS;CASANARE;85440
VILLANUEVA_GUA;LA GUAJIRA;44874
VILLANUEVA_SAN;SANTANDER;68872
VILLAPINZON;CUNDINAMARCA;25873
VILLARRICA;TOLIMA;73873
VILLAVICENCIO;META;50001
VILLAVIEJA;HUILA;41872
VILLETA;CUNDINAMARCA;25875
VIOTA;CUNDINAMARCA;25878
VIRACACHA;BOYACA;15879
VISTAHERMOSA;META;50711
VITERBO;CALDAS;17877
YACOPI;CUNDINAMARCA;25885
YACUANQUER;NARINO;52885
YAGUARA;HUILA;41885
YALI;ANTIOQUIA;5885
YARUMAL;ANTIOQUIA;5887
YAVARATE (Cor. Departamental);VAUPES;97889
YOLOMBO;ANTIOQUIA;5890
YONDO (Casabe);ANTIOQUIA;5893
YOPAL;CASANARE;85001
YOTOCO;VALLE DEL CAUCA;76890
YUMBO;VALLE DEL CAUCA;76892
ZAMBRANO;BOLIVAR;13894
ZAPATOCA;SANTANDER;68895
ZAPAYAN (Punta de Piedras);MAGDALENA;47960
ZARAGOZA;ANTIOQUIA;5895
ZARZAL;VALLE DEL CAUCA;76895
ZETAQUIRA;BOYACA;15897
ZIPACON;CUNDINAMARCA;25898
ZIPAQUIRA;CUNDINAMARCA;25899
ZONA BANANERA (Prado Sevilla);MAGDALENA;47980
VENEZUELA - SIN ESPECIFICACIàN ADICIONAL DE LUGAR;Exterior;1850
BOGOTA USAQUEN-PASEO DE LOS LIBERTADORES;BOGOTA;11101
BOGOTA USAQUEN-LA URIBE;BOGOTA;11110
BELEN DE BAJIRA;CHOCO;27086
PERU - SIN ESPECIFICACION ADICIONAL DE LUGAR;EXTERIOR;01589
Bogota - San Cristobal-San Blas;BOGOTA;11132
Bogota - Ciudad Bolivar-Ismael Perdomo;BOGOTA;11169
BRASIL - SIN ESPECIFICACION ADICIONAL DE LUGAR;EXTERIOR;01105
ECUADOR - SIN ESPECIFICACION ADICIONAL DE LUGAR;EXTERIOR;01239
ESTADOS UNIDOS - SIN ESPECIFICACION ADICIONAL DE LUGAR;EXTERIOR;01249
PANAMA - SIN ESPECIFICACION ADICIONAL DE LUGAR;EXTERIOR;01580
ALEMANIA - SIN ESPECIFICACION ADICIONAL DE LUGAR;EXTERIOR;01276
Bogota - Usaquen-Santa Barbara;BOGOTA;11116
Bogota - Suba-Britalia;BOGOTA;11118
Bogota - Puente Aranda-San Rafael;BOGOTA;11143
Bogota - Kennedy-Kennedy Central;BOGOTA;11147
Bogota - Puente Aranda-Puente Aranda;BOGOTA;11211
BOGOTA - Sumapaz-Quiba - Parte Alta (Vereda);BOGOTA;11925
BOGOTA - Fontibon-Fontibon;BOGOTA;11175
BOGOTA - Engativa-Minuto de Dios;BOGOTA;11129
BOGOTA - Teusaquillo-La Esmeralda;BOGOTA;11206
BOGOTA Suba-Casa Blanca Suba;BOGOTA;11123
Bogot� - Antonio Narino-Restrepo;BOGOTA;11138
Procedencia desconocida; - Procedencia desconocida;00000